<?xml version="1.0" encoding="UTF-8"?>
<!DOCTYPE mapper
  PUBLIC "-//mybatis.org//DTD Mapper 3.0//EN"
  "http://mybatis.org/dtd/mybatis-3-mapper.dtd">

<mapper namespace="Pboard.Mapper">



	<select id="getTotalRecord_board"  	resultType="integer">
		select count(*) as totalRecord
		from pboard1 b
			left outer join puser a on(b.puser_id=a.id)
			where b.tag=#{tag}
	</select>
	
	<select id="getTotalRecord_reply" resultType="integer">
		select count(*) as
		from preply1 b
			left outer join pboard1 a on(b.pboard1_id=a.id)
			where a.id=#{id}
	</select>
	


	<select id="boardList"
		parameterType="com.spring.project.vo.Page"	resultType="map">

		select
			A.id
			,A.nickName
			,A.puser_id
			,A.title
			,A.cnt
			,A.regdate
			,A.tag
			,A.choice
			,A.replyCount
			,A.rchoice
		from (select
				b.id
				,a.nickName
				,b.puser_id
				,b.title
				,b.cnt
				,b.regdate
				,b.tag
				,b.choice
				,b.replyCount
				,(select count(*) from preply1 where preply1.rchoice = b.id) rchoice
				,ROW_NUMBER() OVER(order by b.id desc) as rnum
			from pboard1 b
			left outer join puser a on(b.puser_id=a.id)
			where b.tag=#{tag}) A
			where rnum between #{startRow} and #{endRow}  
	</select>
	
	<select id="latestList"
		parameterType="com.spring.project.vo.Page"	resultType="map">

		select
			 A.id
			,A.title
		from (select 
				b.id
				,b.title
				,ROW_NUMBER() OVER(order by b.id desc) as rnum
			from pboard1 b
			left outer join puser a on(b.puser_id = a.id)) A
		where rnum between #{startRow} and #{endRow} 
	</select>

	<select id="likeList"
		parameterType="com.spring.project.vo.Page"	resultType="map">

		select
			 A.id
			,A.title
			,A.choice
		from (select 
				b.id
				,b.title
				,b.choice
				,ROW_NUMBER() OVER(order by b.choice desc) as rnum
			from pboard1 b
			left outer join puser a on(b.puser_id=a.id)) A
		where rnum between #{startRow} and #{endRow} 
	</select>

	<insert id="boardInsert">
		insert into pboard1(id, puser_id, title, content, cnt, regdate, tag, choice) values
		(seq_pboard1.nextval, #{puser_id}, #{title},#{content},0,sysdate,#{tag},0)
	</insert>

	<select id="boardDetail"
		parameterType="com.spring.project.vo.Pboard" resultType="map">
			select 
				b.id
				,a.nickName
				,b.puser_id
				,b.title
				,b.content
				,b.cnt
				,b.regdate
				,b.tag
				,b.choice
				,b.replyCount
			from pboard1 b
            left outer join puser a on(b.puser_id=a.id)
			where b.id= #{id}
	</select>

	<select id="getBridgeList" resultType="java.lang.Integer">
	select nvl(count(*),0) from bridge where puser_id=#{puser_id} and pboard1_id = #{pboard1_id}
	</select>
	
	<insert id="bridgeInsert">
		insert into bridge(puser_id, pboard1_id) values
		(#{puser_id}, #{pboard1_id})
	</insert>

	<update id="viewCount">
		UPDATE pboard1 SET cnt = NVL(cnt, 0) + 1
		WHERE id = #{id} 
	</update>
	
	<update id="choiceCount1">
		UPDATE pboard1 SET choice = NVL(choice, 0) + 1
		WHERE id = #{id} 
	</update>
	
	<update id="choiceCancel">
		UPDATE pboard1 SET choice = choice - 1 
		WHERE id = #{id} 
	</update>
	
	<delete id="bridgeDelete">
		delete bridge where puser_id = #{puser_id} and pboard1_id=#{pboard1_id}
	</delete>

	<update id="boardUpdate">
		update pboard1 set title=#{title}, content=#{content} where id=#{id}
	</update>

	<delete id="boardDelete">
		delete pboard1 where id=#{id}
	</delete>
	
	<sql id="search">
		<choose>
			<when test="searchOption == 'main_all'">
				where title like '%'||#{keyword}||'%'
				or content like '%'||#{keyword}||'%'
			</when>
			<when test="searchOption == 'main_nickName'">
				where nickName like '%'||#{keyword}||'%'
			</when>
			<when test="searchOption == 'main_title'">
				where title like '%'||#{keyword}||'%'
			</when>
			<when test="searchOption == 'main_content'">
				where content like '%'||#{keyword}||'%'
			</when>
			<when test="searchOption == 'all'">
				where (nickName like '%'||#{keyword}||'%' 
				or title like '%'||#{keyword}||'%'
				or content like '%'||#{keyword}||'%') and tag=#{tag}
			</when>
			<when test="searchOption == 'nickName'">
				where nickName like '%'||#{keyword}||'%' and tag=#{tag}
			</when>
			<when test="searchOption == 'title'">
				where title like '%'||#{keyword}||'%' and tag=#{tag}
			</when>
			<when test="searchOption == 'content'">
				where content like '%'||#{keyword}||'%' and tag=#{tag}
			</when>
		</choose>
	</sql>	
	
	<select id="searchList" resultType="map">

		select
			A.id
			,A.nickName
			,A.puser_id
			,A.title
			,A.content
			,A.cnt
			,A.regdate
			,A.tag
			,A.choice
			,A.replyCount
		from (select 
				b.id
				,a.nickName
				,b.puser_id
				,b.title
				,b.content
				,b.cnt
				,b.regdate
				,b.tag
				,b.choice
				,b.replyCount
				,ROW_NUMBER() OVER(order by b.id desc) as rnum
			from pboard1 b
			left outer join puser a on(b.puser_id=a.id) 
			<include refid="search"></include>) A
		where rnum between #{startRow} and #{endRow} 
	
		
	</select>
	
	
	
	<select id="searchRecordCount" resultType="int">
	select count(*) as totalRecord
		from pboard1 b
			left outer join puser a on(b.puser_id=a.id)
		<include refid="search"></include>
	</select>
	

</mapper>