<?xml version="1.0" encoding="UTF-8"?>
<!DOCTYPE mapper
  PUBLIC "-//mybatis.org//DTD Mapper 3.0//EN"
  "http://mybatis.org/dtd/mybatis-3-mapper.dtd">

<mapper namespace="Preply.Mapper">



	<select id="getTotalRecord" resultType="integer">
		select count(*) as
		from preply1 b
			left outer join pboard1 a on(b.pboard1_id=a.id)
			where a.id=#{id}
	</select>


	<select id="preply1List"
		parameterType="com.spring.project.vo.Pboard" resultType="map">

		select
		c.id
		,a.nickName
		,c.puser_id
		,c.pboard1_id
		,c.content
		,c.regdate
		,c.rchoice
		from preply1 c
		left outer join puser a on(c.puser_id=a.id)
		where c.pboard1_id=#{id} order by c.id asc
	</select>
	
	<select id="replyDetail"
		parameterType="com.spring.project.vo.Preply" resultType="map">
			select 
				b.id
				,a.nickName
				,b.puser_id
				,b.pboard1_id
				,b.content
				,b.regdate
				,b.rchoice
			from preply1 b
            left outer join puser a on(b.puser_id=a.id)
			where b.rchoice= #{pboard1_id}
	</select>
	
	<update id="replyCount_up">
		update pboard1 set replyCount = replyCount+1 where id=#{pboard1_id}
	</update>
	
	<update id="replyCount_down">
		update pboard1 set replyCount = replyCount-1 where id=#{pboard1_id}
	</update>

	<insert id="reply1Insert">
		insert into preply1(id, puser_id, pboard1_id,
		content, regdate) values
		(seq_preply1.nextval, #{puser_id},
		#{pboard1_id},#{content},sysdate)
	</insert>

	<select id="reply1Update" >
		update preply1 set 
		content = #{content}
		where id=#{id}
	</select>

	

	<delete id="replyDelete">
		delete preply1 where id=#{id}
	</delete>
	
	<update id="rChoiceUpdate">
		update preply1 set rchoice = #{pboard1_id} where id = #{pboard1_id}
	</update>

</mapper>