<?xml version="1.0" encoding="UTF-8"?>
<!DOCTYPE mapper 
	PUBLIC "-//mybatis.org//DTD Mapper 3.0//EN"
  "http://mybatis.org/dtd/mybatis-3-mapper.dtd">

<mapper namespace="Puser.Mapper">

	<select id="userLogin" resultType="com.spring.project.vo.Login">
		select * from puser where user_id=#{user_id}
	</select>

	<select id="userDetail" resultType="com.spring.project.vo.Puser">
		select * from puser where user_id=#{user_id}
	</select>

	<select id="getTotalRecord_board"  	resultType="integer">
		select count(*) as totalRecord
		from pboard1 b
			left outer join puser a on(b.puser_id=a.id)
			where b.puser_id=#{id}
	</select>
	
	<select id="getTotalRecord_reply"  	resultType="integer">
		select count(*) as totalRecord
		from preply1 b
			left outer join puser a on(b.puser_id=a.id)
			where b.puser_id=#{id}
	</select>

	
	<select id="myWork_board"
		parameterType="com.spring.project.vo.Pboard" resultType="map">

		select
			A.id
			,A.nickName
			,A.puser_id
			,A.title
			,A.content
			,A.cnt
			,A.regdate
			,A.tag
			,A.choice
		from (select 
				b.id
				,a.nickName
				,b.puser_id
				,b.title
				,b.content
				,b.cnt
				,b.regdate
				,b.tag
				,b.choice
				,ROW_NUMBER() OVER(order by b.id desc) as rnum
			from pboard1 b
			left outer join puser a on(b.puser_id=a.id)
			where b.puser_id=#{id}) A
		where rnum between #{startRow} and #{endRow} 
	</select>
	
	
	<select id="myWork_reply"
		parameterType="com.spring.project.vo.Preply" resultType="map">

		select
			A.id
			,A.nickName
			,A.puser_id
			,A.pboard1_id
			,A.content
			,A.regdate
		from (select 
				b.id
				,a.nickName
				,b.puser_id
				,b.pboard1_id
				,b.content
				,b.regdate
				,ROW_NUMBER() OVER(order by b.id desc) as rnum
			from preply1 b
			left outer join puser a on(b.puser_id=a.id)
			where b.puser_id=#{id}) A
		where rnum between #{startRow} and #{endRow} 
	</select>
	
	<insert id="userInsert">
		insert into puser (id,user_id,password,nickName,email,interest)
		values
		(seq_puser.nextval,#{user_id},#{encryptPassword},#{nickName},#{email},#{interest})
	</insert>

	<update id="userUpdate">
		update puser set
		password=#{encryptPassword},nickName=#{nickName},email=#{email},interest=#{interest}
		where user_id=#{user_id}
	</update>

	<insert id="userInfo">
		insert into deletepuser(user_id,email,interest,nickName)
		select user_id,email,interest,nickName from puser where
		id=#{id}
	</insert>

	<delete id="userDelete">
		delete puser where user_id=#{user_id}
	</delete>
	
	<!-- 중복체크 -->
	<select id="userIdcheck" resultType="java.lang.Integer">
		SELECT NVL(COUNT(*),0)
		FROM PUSER WHERE user_id=#{user_id}
	</select>
	<select id="userNnamecheck" resultType="java.lang.Integer">
		SELECT NVL(COUNT(*),0)
		FROM PUSER WHERE nickName=#{nickName}
	</select>

</mapper>		   
